{"cameraMode":{"drawMode":0,"name":"Shaded","section":"Shading Mode"},"sceneLighting":true,"audioPlay":false,"sceneViewState":{"showFog":true,"showMaterialUpdate":false,"showSkybox":true,"showFlares":true,"showImageEffects":true,"showParticleSystems":true},"in2DMode":false,"pivot":{"x":3.2160868644714357,"y":-2.0032217502593996,"z":32.636653900146487},"rotation":{"x":-0.009189908392727375,"y":-0.9815855026245117,"z":0.1844245046377182,"w":-0.04891884699463844},"size":16.741369247436525,"orthographic":false}